{
  "model": "Logistic Regression",
  "accuracy": 0.5231270358306189,
  "precision": 0.3460410557184751,
  "recall": 0.4521072796934866,
  "f1": 0.3920265780730897,
  "roc_auc": 0.4975283006736185
}